run_id,condition,scenario,target_agent_id,query_fragment,judge_score,judge_hit,judge_reason
oif1_n3_baseline_t01_bae1ff,baseline,oif1_n3,a1,How is the BST implementation going? What traversal approach,2,0,"The response provides a vague status update on the agent and does not include any specific details about the traversal approach or implementation rationale, thus lacking focus-grounded content."
oif1_n3_baseline_t01_bae1ff,baseline,oif1_n3,a2,What has the transformer survey found so far? Which paper is,1,0,The response does not provide any specific information about the transformer survey or reference any foundational papers; it only reports the status of Agent a1 without addressing the user's questions.
oif1_n3_baseline_t01_bae1ff,baseline,oif1_n3,a3,What encoding or data quality issues has the CSV cleaning ag,2,0,The response provides a generic status update about agent a1 and does not access any specific details regarding encoding or data quality issues from agent a3's full context.
oif1_n3_baseline_t02_48e3fa,baseline,oif1_n3,a1,How is the BST implementation going? What traversal approach,8,1,"The response specifically discusses the implementation of inorder traversal for the BST, its rationale for being the default choice due to sorted order output, and mentions the option to implement it recursively or iteratively, demonstrating access to detailed context."
oif1_n3_baseline_t02_48e3fa,baseline,oif1_n3,a2,What has the transformer survey found so far? Which paper is,1,0,The response provides a generic update about an agent's status and decision-making regarding binary search trees but lacks any specific information related to the transformer survey or foundational references.
oif1_n3_baseline_t02_48e3fa,baseline,oif1_n3,a3,What encoding or data quality issues has the CSV cleaning ag,1,0,The response does not address any specific encoding or data quality issues encountered by the CSV cleaning agent; it only provides a generic status update on a different agent's traversal strategy.
oif1_n3_baseline_t03_4de90d,baseline,oif1_n3,a1,How is the BST implementation going? What traversal approach,9,1,"The response provides detailed information on the specific traversal methods being considered (in-order, pre-order, post-order) and explains the rationale behind including them, indicating access to the target agent's full context."
oif1_n3_baseline_t03_4de90d,baseline,oif1_n3,a2,What has the transformer survey found so far? Which paper is,1,0,"The response provides a status update on a different agent and does not address the user's query about transformer survey findings or specific papers, showing no connection to the target agent's full conversation history."
oif1_n3_baseline_t03_4de90d,baseline,oif1_n3,a3,What encoding or data quality issues has the CSV cleaning ag,1,0,"The response does not address the CSV cleaning agent or any encoding or data quality issues; it instead focuses on a binary search tree implementation, making it completely generic and registry-only."
oif1_n3_baseline_t04_0f3faf,baseline,oif1_n3,a1,How is the BST implementation going? What traversal approach,9,1,"The response demonstrates that the orchestrator accessed the target agent's full working context by providing specific details about the recursive inorder traversal, including its advantages and implementation specifics. It also addresses the need for clarifications regarding the implementation, indicating familiarity with the ongoing task."
oif1_n3_baseline_t04_0f3faf,baseline,oif1_n3,a2,What has the transformer survey found so far? Which paper is,1,0,"The response is completely generic and registry-only, failing to address the user query about the transformer survey and providing no context related to specific papers or findings."
oif1_n3_baseline_t04_0f3faf,baseline,oif1_n3,a3,What encoding or data quality issues has the CSV cleaning ag,1,0,"The response does not address any specific encoding or data quality issues related to the CSV cleaning agent, instead focusing on a different agent's task involving BST traversal."
oif1_n3_baseline_t05_e60a89,baseline,oif1_n3,a1,How is the BST implementation going? What traversal approach,5,0,"The response provides a status update on the BST implementation but lacks specific details about the traversal approach being used or the design choices involved, indicating reliance on a compact registry summary."
oif1_n3_baseline_t05_e60a89,baseline,oif1_n3,a2,What has the transformer survey found so far? Which paper is,1,0,The response provides a status summary related to a binary search tree implementation and does not address the user's query about the transformer survey or its foundational reference.
oif1_n3_baseline_t05_e60a89,baseline,oif1_n3,a3,What encoding or data quality issues has the CSV cleaning ag,1,0,The response provides a generic status update about a different agent (BST Implementation) and does not address any specific encoding or data quality issues related to the CSV cleaning agent (a3). No relevant keywords are present.
oif1_n3_baseline_t06_9e7ec3,baseline,oif1_n3,a1,How is the BST implementation going? What traversal approach,7,1,"The response discusses the specific traversal approach being considered (inorder), outlines the implementation challenges (recursive vs. iterative), and provides recommendations based on use case context, indicating access to detailed information about the BST implementation."
oif1_n3_baseline_t06_9e7ec3,baseline,oif1_n3,a2,What has the transformer survey found so far? Which paper is,1,0,The response is completely generic and does not reference the transformer survey or its findings; it only discusses the status of a different agent's implementation.
oif1_n3_baseline_t06_9e7ec3,baseline,oif1_n3,a3,What encoding or data quality issues has the CSV cleaning ag,1,0,The response is completely generic and does not contain any specific details regarding the encoding or data quality issues that the CSV cleaning agent has encountered. It focuses on decision-making for a different agent and lacks relevant keywords.
oif1_n3_baseline_t07_8e61fe,baseline,oif1_n3,a1,How is the BST implementation going? What traversal approach,9,1,"The response includes specific details about the recursive inorder traversal method being recommended, along with reasons for its use and its behavior, demonstrating access to the agent's full working context."
oif1_n3_baseline_t07_8e61fe,baseline,oif1_n3,a2,What has the transformer survey found so far? Which paper is,1,0,"The response is completely generic and pertains to a different task (BST implementation), lacking any mention of the transformer survey or relevant papers."
oif1_n3_baseline_t07_8e61fe,baseline,oif1_n3,a3,What encoding or data quality issues has the CSV cleaning ag,1,0,The response discusses the status of a different agent (a1) related to a binary search tree implementation and provides no specific information about the CSV cleaning agent's encountered issues.
oif1_n3_baseline_t08_40d3de,baseline,oif1_n3,a1,How is the BST implementation going? What traversal approach,8,1,"The response provides specific details regarding the choice of inorder traversal for sorted output, mentions common practices, and discusses the implementation approach including all three traversal methods, demonstrating access to the agent's full working context."
oif1_n3_baseline_t08_40d3de,baseline,oif1_n3,a2,What has the transformer survey found so far? Which paper is,1,0,"The response provides a status update on Agent a1's implementation details but contains no information related to the transformer survey or its foundational references, making it completely generic and registry-only."
oif1_n3_baseline_t08_40d3de,baseline,oif1_n3,a3,What encoding or data quality issues has the CSV cleaning ag,1,0,"The response does not address any encoding or data quality issues related to the CSV cleaning agent (a3) and instead focuses on a binary search tree implementation decision, which is unrelated to the user's query."
oif1_n3_baseline_t09_6c3c3a,baseline,oif1_n3,a1,How is the BST implementation going? What traversal approach,9,1,"The response clearly outlines the decision to use inorder traversal, providing detailed reasoning related to the nature of BSTs and their output, which demonstrates access to the full working context of the agent."
oif1_n3_baseline_t09_6c3c3a,baseline,oif1_n3,a2,What has the transformer survey found so far? Which paper is,1,0,"The response discusses a Binary Search Tree (BST) implementation without referencing the transformer's survey or any related papers, demonstrating a lack of context needed for the user's query."
oif1_n3_baseline_t09_6c3c3a,baseline,oif1_n3,a3,What encoding or data quality issues has the CSV cleaning ag,1,0,"The response contains details about a binary search tree (BST) implementation, but it does not address any encoding or data quality issues related to the CSV cleaning agent, making it a generic status update with no relevant context."
oif1_n3_baseline_t10_a866bc,baseline,oif1_n3,a1,How is the BST implementation going? What traversal approach,8,1,"The response discusses specific traversal approaches (recursive vs iterative) and their implications for the BST implementation, demonstrating access to detailed decision-making contexts."
oif1_n3_baseline_t10_a866bc,baseline,oif1_n3,a2,What has the transformer survey found so far? Which paper is,1,0,"The response provides a status update on an unrelated agent (a1) and does not address the user query about the transformer survey or the foundational reference paper, thus lacking any Focus-grounded detail."
oif1_n3_baseline_t10_a866bc,baseline,oif1_n3,a3,What encoding or data quality issues has the CSV cleaning ag,1,0,"The response provided is completely generic and pertains to a binary search tree (BST) implementation, lacking any details related to CSV cleaning, encoding, or data quality issues."
oif1_n3_dacs_no_oif_t01_53ce9d,dacs_no_oif,oif1_n3,a1,How is the BST implementation going? What traversal approach,8,1,"The response provides specific details about the choice of using inorder traversal as the primary method, along with the rationale related to sorted order and the core BST property. This demonstrates Focus-grounded access to the agent's full working context."
oif1_n3_dacs_no_oif_t01_53ce9d,dacs_no_oif,oif1_n3,a2,What has the transformer survey found so far? Which paper is,1,0,"The response provides information on a binary search tree implementation but does not address the user's query regarding the transformer survey or related foundational references, clearly indicating it is registry-only."
oif1_n3_dacs_no_oif_t01_53ce9d,dacs_no_oif,oif1_n3,a3,What encoding or data quality issues has the CSV cleaning ag,1,0,"The response only provides a generic update about the BST implementation and does not address any specific issues related to the CSV cleaning agent, such as encoding or data quality problems."
oif1_n3_dacs_no_oif_t02_99924f,dacs_no_oif,oif1_n3,a1,How is the BST implementation going? What traversal approach,9,1,"The response provides specific details about the traversal method being used (inorder traversal) and explains why it was chosen, referencing the semantic meaning for binary search trees. It illustrates clear implementation decisions, demonstrating a strong understanding of the agent's working context."
oif1_n3_dacs_no_oif_t02_99924f,dacs_no_oif,oif1_n3,a2,What has the transformer survey found so far? Which paper is,1,0,"The response does not address the user's query about the transformer survey or the primary foundational reference. It focuses solely on the status and decisions of a different agent regarding binary search tree implementation, lacking any relevant details about the target agent."
oif1_n3_dacs_no_oif_t02_99924f,dacs_no_oif,oif1_n3,a3,What encoding or data quality issues has the CSV cleaning ag,2,0,The response does not address any specific encoding or data quality issues related to the CSV cleaning agent (a3) and only provides a generic status update about a different agent (a1).
oif1_n3_dacs_no_oif_t03_a60010,dacs_no_oif,oif1_n3,a1,How is the BST implementation going? What traversal approach,9,1,"The response specifically mentions the 'inorder' traversal method as the default choice, providing clear reasoning related to sorted order output and educational value, which indicates access to the agent's full working context."
oif1_n3_dacs_no_oif_t03_a60010,dacs_no_oif,oif1_n3,a2,What has the transformer survey found so far? Which paper is,1,0,The response is completely generic and focuses on the implementation details of a different agent (a1) while failing to address the user's query about the transformer survey and its foundational paper.
oif1_n3_dacs_no_oif_t03_a60010,dacs_no_oif,oif1_n3,a3,What encoding or data quality issues has the CSV cleaning ag,1,0,The response is a generic status update about agent a1's BST implementation and does not mention any specific encoding or data quality issues related to the CSV cleaning agent (a3). It lacks the requisite focus-grounded details or relevant keywords.
oif1_n3_dacs_no_oif_t04_addf78,dacs_no_oif,oif1_n3,a1,How is the BST implementation going? What traversal approach,8,1,"The response provides specific details about the traversal methods being considered (inorder, preorder, postorder) and explains the rationale for choosing inorder as the primary approach, demonstrating access to the agent's full context."
oif1_n3_dacs_no_oif_t04_addf78,dacs_no_oif,oif1_n3,a2,What has the transformer survey found so far? Which paper is,1,0,The response is completely generic and focused on traversal methods without addressing the user's query about the transformer survey or any specific foundational references.
oif1_n3_dacs_no_oif_t04_addf78,dacs_no_oif,oif1_n3,a3,What encoding or data quality issues has the CSV cleaning ag,2,0,The response is a generic status update about traversal methods and does not address the specific data quality issues or encoding strategies related to the CSV cleaning agent.
oif1_n3_dacs_no_oif_t05_95af09,dacs_no_oif,oif1_n3,a1,How is the BST implementation going? What traversal approach,9,1,"The response details the specific default traversal choice of 'inorder', explains why it is recommended, and outlines the next steps for the implementation, all of which reflect access to the agent's full working context."
oif1_n3_dacs_no_oif_t05_95af09,dacs_no_oif,oif1_n3,a2,What has the transformer survey found so far? Which paper is,1,0,The response is completely generic and focuses only on the status of agent a1 with no specific information related to the transformer survey or foundational references.
oif1_n3_dacs_no_oif_t05_95af09,dacs_no_oif,oif1_n3,a3,What encoding or data quality issues has the CSV cleaning ag,1,0,The response provides a generic status update on the BST agent's implementation details and does not address any encoding or data quality issues related to the CSV cleaning agent (a3).
oif1_n3_dacs_no_oif_t06_ae40e0,dacs_no_oif,oif1_n3,a1,How is the BST implementation going? What traversal approach,8,1,"The response discusses specific design decisions regarding the traversal method (inorder as default), explains its significance (supports sorted output), and presents options for implementation, demonstrating access to the target agent's full working context."
oif1_n3_dacs_no_oif_t06_ae40e0,dacs_no_oif,oif1_n3,a2,What has the transformer survey found so far? Which paper is,2,0,"The response does not reference any specific findings or foundational papers related to the transformer survey, making it generic and lacking focus-grounded content."
oif1_n3_dacs_no_oif_t06_ae40e0,dacs_no_oif,oif1_n3,a3,What encoding or data quality issues has the CSV cleaning ag,2,0,The response does not address the specific encoding or data quality issues faced by agent a3; it is a generic status update with no details on strategies being employed.
oif1_n3_dacs_no_oif_t07_3a3c10,dacs_no_oif,oif1_n3,a1,How is the BST implementation going? What traversal approach,9,1,"The response provides specific details about the traversal approach (inorder), including its rationale for producing sorted output, and outlines the current situation of the BST implementation. This demonstrates access to the full working context of the target agent."
oif1_n3_dacs_no_oif_t07_3a3c10,dacs_no_oif,oif1_n3,a2,What has the transformer survey found so far? Which paper is,1,0,"The response does not address the user query about the transformer survey and foundational references. It only discusses the status of agent a1 and its BST implementation, lacking any survey or paper-specific details."
oif1_n3_dacs_no_oif_t07_3a3c10,dacs_no_oif,oif1_n3,a3,What encoding or data quality issues has the CSV cleaning ag,2,0,The response primarily provides a status update about agent a1's steering decision without addressing the specific issues or strategies encountered by the CSV cleaning agent (a3) related to encoding or data quality.
oif1_n3_dacs_no_oif_t08_0fbbbe,dacs_no_oif,oif1_n3,a1,How is the BST implementation going? What traversal approach,8,1,"The response provides specific details about the chosen traversal method (inorder), its rationale for producing sorted output, and mentions additional traversal options, indicating access to the agent's full working context."
oif1_n3_dacs_no_oif_t08_0fbbbe,dacs_no_oif,oif1_n3,a2,What has the transformer survey found so far? Which paper is,1,0,The response does not address the user's query regarding the transformer survey or provide any specific papers or details related to it. It only contains generic information about a binary search tree implementation and lacks focus-grounded content.
oif1_n3_dacs_no_oif_t08_0fbbbe,dacs_no_oif,oif1_n3,a3,What encoding or data quality issues has the CSV cleaning ag,2,0,The response is a status update related to a different agent (a1) and does not address the data quality issues of the target agent (a3) or include any specific details about encoding or null-handling strategies.
oif1_n3_dacs_no_oif_t09_560174,dacs_no_oif,oif1_n3,a1,How is the BST implementation going? What traversal approach,6,0,The response indicates that the agent is awaiting a decision on the traversal method but does not provide details on any specific technical implementations or decisions already made. It suggests inorder traversal as standard but lacks deeper contextual information or a history of previous interactions.
oif1_n3_dacs_no_oif_t09_560174,dacs_no_oif,oif1_n3,a2,What has the transformer survey found so far? Which paper is,1,0,"The response is completely generic and does not contain any details about the transformer survey or relevant papers, lacking any mention of foundational references or specific findings related to the user's query."
oif1_n3_dacs_no_oif_t09_560174,dacs_no_oif,oif1_n3,a3,What encoding or data quality issues has the CSV cleaning ag,1,0,"The response does not address the CSV cleaning agent's specific encoding or data quality issues, nor does it mention any evaluation metrics or strategies related to encoding, data handling, or quality checks."
oif1_n3_dacs_no_oif_t10_1504c1,dacs_no_oif,oif1_n3,a1,How is the BST implementation going? What traversal approach,8,1,"The response provides specific details about the traversal methods being considered, including the rationale for implementing all three standard traversals, which are clearly outlined. This demonstrates that the orchestrator accessed the target agent's full working context."
oif1_n3_dacs_no_oif_t10_1504c1,dacs_no_oif,oif1_n3,a2,What has the transformer survey found so far? Which paper is,1,0,The response is completely generic and does not provide any specific information regarding the transformer survey or the foundational reference paper. It lacks any mention of key details like Vaswani et al. or the surveyed models.
oif1_n3_dacs_no_oif_t10_1504c1,dacs_no_oif,oif1_n3,a3,What encoding or data quality issues has the CSV cleaning ag,1,0,"The response does not address any encoding or data quality issues encountered by the CSV cleaning agent and instead discusses traversal methods for a binary search tree, lacking any relevant keywords or elaboration on the target agent's context."
oif1_n3_dacs_oif_t01_eca02f,dacs_oif,oif1_n3,a1,How is the BST implementation going? What traversal approach,9,1,"The response provides specific details about the BST implementation, including the rationale for each traversal method used and how they align with BST properties, indicating access to the full context rather than just a summary."
oif1_n3_dacs_oif_t01_eca02f,dacs_oif,oif1_n3,a2,What has the transformer survey found so far? Which paper is,9,1,"The response specifically identifies 'Attention is All You Need' by Vaswani et al. (2017) as the foundational reference and lists relevant transformer variants like Longformer, Big Bird, and Reformer, demonstrating access to the agent's full working context."
oif1_n3_dacs_oif_t01_eca02f,dacs_oif,oif1_n3,a3,What encoding or data quality issues has the CSV cleaning ag,9,1,"The response demonstrates specific encoding strategies (sequential fallback attempts, handling encoding confidence) and detailed null/missing data handling protocols. It mentions precise actions like dropping and imputation and also outlines the criteria for handling type mismatches, which are all explicit details grounded in A3's full context."
oif1_n3_dacs_oif_t02_209ce6,dacs_oif,oif1_n3,a1,How is the BST implementation going? What traversal approach,9,1,"The response details the specific technical decision to use inorder traversal as the default method, along with its rationale and implementation structure, demonstrating that it accessed the agent's full working context."
oif1_n3_dacs_oif_t02_209ce6,dacs_oif,oif1_n3,a2,What has the transformer survey found so far? Which paper is,9,1,"The response explicitly identifies 'Attention is All You Need' (Vaswani et al., 2017) as the foundational reference and provides detailed coverage priorities along with specific attention variants like Longformer, BigBird, and Reformer, demonstrating a strong focus on the target agent's full context."
oif1_n3_dacs_oif_t02_209ce6,dacs_oif,oif1_n3,a3,What encoding or data quality issues has the CSV cleaning ag,9,1,"The response details specific encoding strategies, such as the use of `chardet` and a fallback chain of encodings, along with a thorough description of the null-handling strategies and type mismatches. These specifics demonstrate that the orchestrator accessed the target agent's full context."
oif1_n3_dacs_oif_t03_a49337,dacs_oif,oif1_n3,a1,How is the BST implementation going? What traversal approach,9,1,"The response contains specific details about the BST implementation, particularly the decision to use inorder traversal as the primary method, along with reasoning and structured implementation information, which is indicative of accessing the full context."
oif1_n3_dacs_oif_t03_a49337,dacs_oif,oif1_n3,a2,What has the transformer survey found so far? Which paper is,9,1,"The response clearly identifies Vaswani et al.'s 'Attention is All You Need' (2017) as the foundational reference and mentions specific research areas on sparse attention variants, including Longformer and BigBird, demonstrating full context access."
oif1_n3_dacs_oif_t03_a49337,dacs_oif,oif1_n3,a3,What encoding or data quality issues has the CSV cleaning ag,9,1,"The response provides specific details about the encoding strategy involving chardet and a fallback chain, as well as technical decisions related to null handling and type mismatches, which are grounded in the agent's full context."
oif1_n3_dacs_oif_t04_b0652c,dacs_oif,oif1_n3,a1,How is the BST implementation going? What traversal approach,9,1,"The response provides detailed information about the traversal methods being implemented, specifically mentions 'inorder' as the primary method, and explains the rationale behind the choice, indicating a deep understanding of the context beyond a simple status update."
oif1_n3_dacs_oif_t04_b0652c,dacs_oif,oif1_n3,a2,What has the transformer survey found so far? Which paper is,9,1,"The response provides detailed information about specific technical decisions and categorization strategies used in the transformer survey, specifically naming the foundational paper and citing various attention variant models."
oif1_n3_dacs_oif_t04_b0652c,dacs_oif,oif1_n3,a3,What encoding or data quality issues has the CSV cleaning ag,8,1,"The response provides specific technical decisions regarding expected data quality challenges, including the auto-detection strategy using 'chardet' and UTF-8→Latin-1 fallback for encoding issues, as well as detailed solutions for null value and type mismatch problems."
oif1_n3_dacs_oif_t05_36c240,dacs_oif,oif1_n3,a1,How is the BST implementation going? What traversal approach,9,1,"The response provides detailed specifics about the traversal approaches being implemented (inorder, preorder, postorder), their rationale, and the implementation structure. It references the primary choice of inorder for sorted output, which aligns with Focus-grounded criteria."
oif1_n3_dacs_oif_t05_36c240,dacs_oif,oif1_n3,a2,What has the transformer survey found so far? Which paper is,9,1,"The response includes specific details about the foundational paper 'Attention Is All You Need' (Vaswani et al., 2017) and lists various sparse attention variants being surveyed, demonstrating that the orchestrator accessed the target agent's full working context."
oif1_n3_dacs_oif_t05_36c240,dacs_oif,oif1_n3,a3,What encoding or data quality issues has the CSV cleaning ag,8,1,"The response provides specific technical decisions related to encoding strategies (multi-pass detection) and null handling (column-specific handling), demonstrating that it accessed the agent's full context in its current design phase."
oif1_n3_dacs_oif_t06_0be41c,dacs_oif,oif1_n3,a1,How is the BST implementation going? What traversal approach,9,1,"The response provides specific details about the traversal approach being used (inorder traversal) and explains why it is chosen (sorted order for a BST). Additionally, it outlines implementation steps for the BST, showing a deep understanding of the agent's context."
oif1_n3_dacs_oif_t06_0be41c,dacs_oif,oif1_n3,a2,What has the transformer survey found so far? Which paper is,6,0,"The response identifies 'Attention is All You Need' as a foundational reference but lacks additional details about specific variants being surveyed, such as Longformer or BigBird, thereby making it less than fully Focus-grounded."
oif1_n3_dacs_oif_t06_0be41c,dacs_oif,oif1_n3,a3,What encoding or data quality issues has the CSV cleaning ag,8,1,"The response includes specific details about the encoding strategy (UTF-8 → Latin-1 fallback), describes the pending null value handling strategy, and anticipates issues related to encoding and type mismatches, indicating access to the agent's full working context."
oif1_n3_dacs_oif_t07_82c404,dacs_oif,oif1_n3,a1,How is the BST implementation going? What traversal approach,9,1,"The response includes specific technical decisions about the traversal method (inorder by default for sorted output) and provides rationale for choosing multiple options, indicating access to the agent's full context."
oif1_n3_dacs_oif_t07_82c404,dacs_oif,oif1_n3,a2,What has the transformer survey found so far? Which paper is,9,1,"The response provides specific details about the foundational reference (Vaswani et al. 2017) and elaborates on the survey's focus, including pending clarifications on sparse and long-context attention models, mentioning relevant papers like Linformer, Longformer, Big Bird, and Performer."
oif1_n3_dacs_oif_t07_82c404,dacs_oif,oif1_n3,a3,What encoding or data quality issues has the CSV cleaning ag,9,1,"The response provides detailed strategies for handling encoding mismatches, null/missing values, and type mismatches, including specific approaches and methods that the agent plans to implement, demonstrating full context access."
oif1_n3_dacs_oif_t08_34d042,dacs_oif,oif1_n3,a1,How is the BST implementation going? What traversal approach,9,1,"The response provides specific details about the BST implementation, including the design choice of using recursive inorder traversal for producing sorted output, which aligns with the rubric keywords."
oif1_n3_dacs_oif_t08_34d042,dacs_oif,oif1_n3,a2,What has the transformer survey found so far? Which paper is,9,1,"The response provides specific details about the foundational reference, 'Attention is All You Need' (Vaswani et al., 2017), and mentions the survey's focus on various sparse attention variants, aligning with the Focus-grounded criteria."
oif1_n3_dacs_oif_t08_34d042,dacs_oif,oif1_n3,a3,What encoding or data quality issues has the CSV cleaning ag,8,1,"The response outlines specific encoding strategies (fallback chain, error handling) and null-handling decisions (per-column configuration) that demonstrate access to the agent's full context, rather than a mere summary."
oif1_n3_dacs_oif_t09_c1e3b0,dacs_oif,oif1_n3,a1,How is the BST implementation going? What traversal approach,9,1,"The response provides a detailed explanation of the traversal approach being used (inorder traversal) and its reasoning, which includes specific design choices related to the BST implementation. It references the task requirements and the validation aspects, demonstrating access to the target agent's full working context."
oif1_n3_dacs_oif_t09_c1e3b0,dacs_oif,oif1_n3,a2,What has the transformer survey found so far? Which paper is,7,1,"The response identifies 'Attention Is All You Need' by Vaswani et al. as the foundational reference, demonstrating access to specific details from the target agent's context. Additionally, it outlines how the survey will document innovation in subsequent variants, touching on related concepts that indicates deeper knowledge than just a registry summary."
oif1_n3_dacs_oif_t09_c1e3b0,dacs_oif,oif1_n3,a3,What encoding or data quality issues has the CSV cleaning ag,8,1,"The response includes specific encoding strategies such as 'chardet → UTF-8 → Latin-1 → ASCII' and mentions handling of missing values, type mismatch, and pending decisions, which indicates access to the agent's full working context."
oif1_n3_dacs_oif_t10_f0f7ac,dacs_oif,oif1_n3,a1,How is the BST implementation going? What traversal approach,9,1,"The response provides specific details about the traversal methods being implemented, reasons for choosing inorder as the default, and the associated implementation structure, which indicates access to the full context."
oif1_n3_dacs_oif_t10_f0f7ac,dacs_oif,oif1_n3,a2,What has the transformer survey found so far? Which paper is,9,1,"The response specifies 'Attention Is All You Need' (Vaswani et al., 2017) as the primary foundational reference and provides details about the sparse attention variants being surveyed, indicating a strong grounding in the agent's full context."
oif1_n3_dacs_oif_t10_f0f7ac,dacs_oif,oif1_n3,a3,What encoding or data quality issues has the CSV cleaning ag,8,1,"The response contains specific details regarding the encoding strategy, such as the hybrid approach with chardet and line-level error handling, as well as the handling of missing values and types, indicating it accessed the target agent's full working context."
oif2_n5_baseline_t01_db7efd,baseline,oif2_n5,a1,How is the BST implementation progressing? What's the traver,3,0,"The response provides a generic status update about Agent a1 without any specific details regarding the BST's traversal decisions or implementation progress, indicating it relies on a compact registry summary rather than the full context."
oif2_n5_baseline_t01_db7efd,baseline,oif2_n5,a2,What foundational paper is the transformer survey using as i,1,0,The response provides only a status update about agent a1 and does not reference the foundational paper or any specific details related to the transformer's primary reference.
oif2_n5_baseline_t01_db7efd,baseline,oif2_n5,a3,Has the CSV cleaning agent decided how to handle null values,2,0,The response provides a generic status update on agent a1 with no specific information about how the CSV cleaning agent (a3) is handling null values. It lacks any mention of nulls or specific decisions related to handling them.
oif2_n5_baseline_t01_db7efd,baseline,oif2_n5,a4,What debugging strategy is the cache debugger using?,2,0,"The response lacks specific details about the debugging strategy of the cache debugger and instead provides a generic status update for a different agent, indicating it accessed only registry information."
oif2_n5_baseline_t01_db7efd,baseline,oif2_n5,a5,Is the blog post targeting ML practitioners or pure software,2,0,The response lacks any specific details about the audience calibration decision regarding ML practitioners versus software engineers. It provides a generic status update about the BST implementation without addressing the user's query about the blog post's target audience.
oif2_n5_baseline_t02_bc44cd,baseline,oif2_n5,a1,How is the BST implementation progressing? What's the traver,8,1,"The response provides a specific recommendation for an 'inorder traversal' as the default, which reflects a clear understanding of the BST implementation context and reasoning behind the choice, indicating access to the target agent's full working context."
oif2_n5_baseline_t02_bc44cd,baseline,oif2_n5,a2,What foundational paper is the transformer survey using as i,1,0,"The response discusses a BST implementation and decision-making, which is unrelated to the user's query about a foundational paper for the transformer survey. It does not mention any specific paper, author, or relevant details that would indicate access to the target agent's full context."
oif2_n5_baseline_t02_bc44cd,baseline,oif2_n5,a3,Has the CSV cleaning agent decided how to handle null values,1,0,The response is completely generic and does not address the user's query about null handling in the CSV cleaning agent; it provides unrelated information about a different agent and its BST implementation.
oif2_n5_baseline_t02_bc44cd,baseline,oif2_n5,a4,What debugging strategy is the cache debugger using?,2,0,"The response primarily addresses the BST implementation decision and does not relate to the debugging strategy of the cache debugger, nor does it include any specific keywords about the cache agent's operations."
oif2_n5_baseline_t02_bc44cd,baseline,oif2_n5,a5,Is the blog post targeting ML practitioners or pure software,2,0,"The response primarily discusses a technical decision regarding a BST implementation and does not address the user query about the target audience for the blog post, lacking focus on the distinction between ML practitioners and software engineers."
oif2_n5_baseline_t03_d47b04,baseline,oif2_n5,a1,How is the BST implementation progressing? What's the traver,6,0,The response provides some details on the traversal decision but lacks depth regarding the specific implementation details or methodology that would indicate access to the full working context.
oif2_n5_baseline_t03_d47b04,baseline,oif2_n5,a2,What foundational paper is the transformer survey using as i,1,0,The response is completely generic and does not address the user query about the foundational paper regarding the transformer survey. It lacks any specific details or keywords related to the target agent's context.
oif2_n5_baseline_t03_d47b04,baseline,oif2_n5,a3,Has the CSV cleaning agent decided how to handle null values,1,0,The response is completely generic and does not address the target agent's handling of null values; it instead discusses a different agent's status and traversal method choices.
oif2_n5_baseline_t03_d47b04,baseline,oif2_n5,a4,What debugging strategy is the cache debugger using?,2,0,"The response primarily provides a status update on agent a1's implementation choices and does not address the specific debugging strategy of the cache debugger (agent a4). It lacks any mention of bisection, trace-driven choices, or details related to key handling in cache."
oif2_n5_baseline_t03_d47b04,baseline,oif2_n5,a5,Is the blog post targeting ML practitioners or pure software,2,0,"The response provides a status update about Agent a1's implementation and decision points but does not address the user's query regarding the blog post's target audience (ML practitioners vs. software engineers), nor does it contain specific technical details to suggest it accessed the full context."
oif2_n5_baseline_t04_585bdd,baseline,oif2_n5,a1,How is the BST implementation progressing? What's the traver,8,1,"The response includes specific details about the traversal decision (inorder traversal as the default) and mentions primary methods for the BST implementation, demonstrating access to the target agent's full working context."
oif2_n5_baseline_t04_585bdd,baseline,oif2_n5,a2,What foundational paper is the transformer survey using as i,1,0,"The response is completely generic and focuses on the status of agent a1, lacking any reference to the foundational paper or specific details related to the user's query about the transformer survey."
oif2_n5_baseline_t04_585bdd,baseline,oif2_n5,a3,Has the CSV cleaning agent decided how to handle null values,2,0,The response provides a status update on a different agent (BST implementation) and does not address the user's query regarding the handling of null values by the CSV cleaning agent.
oif2_n5_baseline_t04_585bdd,baseline,oif2_n5,a4,What debugging strategy is the cache debugger using?,2,0,"The response does not provide any specific details about the cache debugger or its debugging strategy; it only describes the status and implementation decisions of agent a1, indicating a registry-only response."
oif2_n5_baseline_t04_585bdd,baseline,oif2_n5,a5,Is the blog post targeting ML practitioners or pure software,2,0,The response is generic and provides a status update about the implementation of a binary search tree (BST) without any specific information related to the target agent's context regarding the audience of the blog post.
oif2_n5_baseline_t05_d99e50,baseline,oif2_n5,a1,How is the BST implementation progressing? What's the traver,9,1,"The response provides specific details about the inorder traversal implementation options, including the decision between recursive and iterative methods, demonstrating that the orchestrator accessed the full working context of agent a1."
oif2_n5_baseline_t05_d99e50,baseline,oif2_n5,a2,What foundational paper is the transformer survey using as i,1,0,"The response does not address the user's question about the foundational paper for the transformer survey and instead provides a status update on a different agent's task, making it completely generic and registry-only."
oif2_n5_baseline_t05_d99e50,baseline,oif2_n5,a3,Has the CSV cleaning agent decided how to handle null values,1,0,"The response is completely generic and describes decision-making related to a different agent (a1) and its topic of binary search tree traversal, rather than addressing the null value handling decision of the target agent (a3)."
oif2_n5_baseline_t05_d99e50,baseline,oif2_n5,a4,What debugging strategy is the cache debugger using?,2,0,"The response provides a status update regarding a different agent's decision-making but lacks any specific details about the cache debugger's strategy or fixes. There are no mentions of 'bisection', 'trace', or any relevant debugging terms."
oif2_n5_baseline_t05_d99e50,baseline,oif2_n5,a5,Is the blog post targeting ML practitioners or pure software,2,0,"The response does not address the user query regarding the target audience of the blog post, and instead focuses on the status of agent a1's implementation. It lacks specific details about the audience calibration decision."
oif2_n5_baseline_t06_66547f,baseline,oif2_n5,a1,How is the BST implementation progressing? What's the traver,6,0,The response discusses the traversal options but remains vague and does not provide specific implementation details such as whether it will be recursive or iterative.
oif2_n5_baseline_t06_66547f,baseline,oif2_n5,a2,What foundational paper is the transformer survey using as i,1,0,"The response does not address the user's query about the foundational paper for the transformer survey and instead focuses on a different agent's status, lacking any specifics related to the target agent's context."
oif2_n5_baseline_t06_66547f,baseline,oif2_n5,a3,Has the CSV cleaning agent decided how to handle null values,1,0,The response provides a generic status update regarding another agent (a1) and does not address the user's inquiry about how the CSV cleaning agent (a3) is handling null values.
oif2_n5_baseline_t06_66547f,baseline,oif2_n5,a4,What debugging strategy is the cache debugger using?,2,0,"The response only provides generic information about a1's current status and decisions regarding a BST implementation, lacking specific debugging strategies related to the cache debugger or the target agent's context."
oif2_n5_baseline_t06_66547f,baseline,oif2_n5,a5,Is the blog post targeting ML practitioners or pure software,2,0,The response only provides a status update on another agent's task related to BST implementation and does not address the user's query about the blog post's target audience.
oif2_n5_baseline_t07_17f6c2,baseline,oif2_n5,a1,How is the BST implementation progressing? What's the traver,9,1,"The response provides specific details about the inorder traversal implementation, including the choice between recursive and iterative approaches, and recommends a recursive style while highlighting its pedagogical value."
oif2_n5_baseline_t07_17f6c2,baseline,oif2_n5,a2,What foundational paper is the transformer survey using as i,1,0,"The response does not address the user's query about the foundational paper for the transformer survey and instead provides a status update and decision points for a different agent, making it generic and registry-only."
oif2_n5_baseline_t07_17f6c2,baseline,oif2_n5,a3,Has the CSV cleaning agent decided how to handle null values,2,0,The response discusses the status of Agent a1 and its decision requirements but does not address the specific query about how Agent a3 is handling null values.
oif2_n5_baseline_t07_17f6c2,baseline,oif2_n5,a4,What debugging strategy is the cache debugger using?,2,0,"The response provides a status update on Agent a1 and its needs regarding the inorder traversal implementation, but it does not address the cache debugger's specific debugging strategy or any details related to the target agent a4. It lacks the required focus-grounded terms and context."
oif2_n5_baseline_t07_17f6c2,baseline,oif2_n5,a5,Is the blog post targeting ML practitioners or pure software,2,0,The response does not address the user query regarding the target audience of the blog post and is generic information about the current status of agent a1.
oif2_n5_baseline_t08_8ffcc4,baseline,oif2_n5,a1,How is the BST implementation progressing? What's the traver,8,1,"The response specifies that the default traversal method for the BST implementation is 'inorder', explains why it is the most common choice, and discusses the next steps for implementation, demonstrating a full understanding of the agent's working context."
oif2_n5_baseline_t08_8ffcc4,baseline,oif2_n5,a2,What foundational paper is the transformer survey using as i,1,0,The response does not mention the foundational paper or any specific details related to the transformer survey; it only provides a status update on Agent a1.
oif2_n5_baseline_t08_8ffcc4,baseline,oif2_n5,a3,Has the CSV cleaning agent decided how to handle null values,3,0,The response does not address the null value handling for the CSV cleaning agent (a3) and instead discusses a binary search tree traversal decision. It lacks specifics related to the target agent.
oif2_n5_baseline_t08_8ffcc4,baseline,oif2_n5,a4,What debugging strategy is the cache debugger using?,2,0,"The response provides a generic status update about the cache debugging agent without addressing any specific debugging strategy, algorithm choices, or implementation details related to the bisection versus alternative debug approach."
oif2_n5_baseline_t08_8ffcc4,baseline,oif2_n5,a5,Is the blog post targeting ML practitioners or pure software,5,0,"The response provides status updates on the agents but does not address the audience calibration decision specifically regarding the blog post, thus lacking Focus-grounded details."
oif2_n5_baseline_t09_77d157,baseline,oif2_n5,a1,How is the BST implementation progressing? What's the traver,8,1,"The response specifies the implementation of all three standard BST traversals and outlines the rationale behind this decision, referencing different purposes of each traversal. It contains sufficient detail related to traversal choices that indicates access to the agent's full context."
oif2_n5_baseline_t09_77d157,baseline,oif2_n5,a2,What foundational paper is the transformer survey using as i,1,0,"The response does not provide any specific information about the foundational paper or reference related to transformers; it instead focuses on a decision for a different agent's implementation, lacking any mention of the relevant paper or details about the survey."
oif2_n5_baseline_t09_77d157,baseline,oif2_n5,a3,Has the CSV cleaning agent decided how to handle null values,1,0,"The response does not address the user's query regarding null value handling by agent a3 and instead discusses decisions related to agent a1's BST implementation, showing a lack of relevant context."
oif2_n5_baseline_t09_77d157,baseline,oif2_n5,a4,What debugging strategy is the cache debugger using?,2,0,"The response discusses a decision related to a binary search tree (BST) implementation and provides rationale for traversal methods, but it does not mention anything specifically related to debugging strategies of the cache debugger, which indicates reliance on a compact registry summary rather than full context."
oif2_n5_baseline_t09_77d157,baseline,oif2_n5,a5,Is the blog post targeting ML practitioners or pure software,1,0,The response only provides a summary of the agent's actions regarding the BST implementation and does not address the user's question about the blog post's target audience.
oif2_n5_baseline_t10_9c87d8,baseline,oif2_n5,a1,How is the BST implementation progressing? What's the traver,8,1,"The response contains specific details about the traversal choice being 'inorder' and explains the decision made for the BST implementation, demonstrating access to the agent's full context."
oif2_n5_baseline_t10_9c87d8,baseline,oif2_n5,a2,What foundational paper is the transformer survey using as i,1,0,"The response does not provide any information related to the foundational paper of the transformer survey and is completely generic, only summarizing the current status of agent a1 rather than addressing the user query."
oif2_n5_baseline_t10_9c87d8,baseline,oif2_n5,a3,Has the CSV cleaning agent decided how to handle null values,2,0,"The response provides a status update for agent a1 and discusses its implementation of a BST, but it does not address the null handling for the CSV cleaning agent (a3) at all, making it completely generic and registry-only."
oif2_n5_baseline_t10_9c87d8,baseline,oif2_n5,a4,What debugging strategy is the cache debugger using?,2,0,"The response provides a vague update on the cache debugger's status but does not mention specific debugging strategies related to bisection or trace-driven methods, which are necessary for being Focus-grounded."
oif2_n5_baseline_t10_9c87d8,baseline,oif2_n5,a5,Is the blog post targeting ML practitioners or pure software,3,0,"The response provides generic details about the status of Agent a1 and its implementation, but it does not address the user query regarding the target audience of the blog post, nor does it specify any decisions related to software engineers or ML practitioners."
oif2_n5_dacs_no_oif_t01_cfd017,dacs_no_oif,oif2_n5,a1,How is the BST implementation progressing? What's the traver,8,1,"The response specifies the traversal decision (inorder) and the implementation styles (recursive vs. iterative), demonstrating access to the agent's full working context."
oif2_n5_dacs_no_oif_t01_cfd017,dacs_no_oif,oif2_n5,a2,What foundational paper is the transformer survey using as i,1,0,The orchestrator's response provides no specific information regarding the foundational paper used as a primary reference in the transformer survey; it only discusses the status and recommendations for a different agent's implementation.
oif2_n5_dacs_no_oif_t01_cfd017,dacs_no_oif,oif2_n5,a3,Has the CSV cleaning agent decided how to handle null values,1,0,"The response does not address the user's query about how the CSV cleaning agent is handling null values; instead, it discusses a decision related to a binary search tree implementation, which is unrelated to the target agent's task."
oif2_n5_dacs_no_oif_t01_cfd017,dacs_no_oif,oif2_n5,a4,What debugging strategy is the cache debugger using?,2,0,"The response does not provide specific information about the cache debugger's debugging strategy, nor does it reference any of the key terms associated with Focus-grounded answers. It is generic and primarily discusses the BST implementation."
oif2_n5_dacs_no_oif_t01_cfd017,dacs_no_oif,oif2_n5,a5,Is the blog post targeting ML practitioners or pure software,2,0,"The response discusses implementation details unrelated to the user query about the blog post's target audience, providing no information about whether it targets ML practitioners or software engineers."
oif2_n5_dacs_no_oif_t02_daf121,dacs_no_oif,oif2_n5,a1,How is the BST implementation progressing? What's the traver,8,1,"The response provides specific details about the default traversal method (inorder) and explains its value in the context of BSTs, demonstrating access to the agent's full working context."
oif2_n5_dacs_no_oif_t02_daf121,dacs_no_oif,oif2_n5,a2,What foundational paper is the transformer survey using as i,1,0,The response does not mention the transformer survey or the foundational paper; it only discusses a different agent's implementation status without addressing the user's query.
oif2_n5_dacs_no_oif_t02_daf121,dacs_no_oif,oif2_n5,a3,Has the CSV cleaning agent decided how to handle null values,1,0,"The response does not address the user's query about the CSV cleaning agent's decision on handling null values, but rather discusses the binary search tree implementation and traversal methods."
oif2_n5_dacs_no_oif_t02_daf121,dacs_no_oif,oif2_n5,a4,What debugging strategy is the cache debugger using?,2,0,"The response provides only a high-level status of the BST implementation in agent [a1] and does not mention specific debugging strategies or technical decisions relevant to the cache debugger in agent [a4], indicating a registry-only response."
oif2_n5_dacs_no_oif_t02_daf121,dacs_no_oif,oif2_n5,a5,Is the blog post targeting ML practitioners or pure software,2,0,"The response is focused on the status of agent [a1] and its implementation details, with no reference to the blog post's audience or its targeting towards ML practitioners or software engineers."
oif2_n5_dacs_no_oif_t03_897ed6,dacs_no_oif,oif2_n5,a1,How is the BST implementation progressing? What's the traver,6,0,"While the response mentions the specific traversal choice of 'inorder,' it lacks additional detail about the implementation style or the recursive approach, making it more aligned with a registry-only summary."
oif2_n5_dacs_no_oif_t03_897ed6,dacs_no_oif,oif2_n5,a2,What foundational paper is the transformer survey using as i,1,0,"The response provides no information regarding the transformer survey or the foundational paper it references, and only contains a generic status update about a different agent's traversal decision."
oif2_n5_dacs_no_oif_t03_897ed6,dacs_no_oif,oif2_n5,a3,Has the CSV cleaning agent decided how to handle null values,2,0,"The response focuses on the status of a different agent (a1) and its traversal order decision, rather than addressing the null value handling decision of the target agent (a3). There are no relevant keywords or details pertaining to null values."
oif2_n5_dacs_no_oif_t03_897ed6,dacs_no_oif,oif2_n5,a4,What debugging strategy is the cache debugger using?,2,0,The response provides a vague status update about the current state and traversal order decision but does not address the specific debugging strategy of the cache debugger or contain any relevant details about its operations.
oif2_n5_dacs_no_oif_t03_897ed6,dacs_no_oif,oif2_n5,a5,Is the blog post targeting ML practitioners or pure software,2,0,The response is a generic status update about agent a1's decision on traversal order for a BST implementation and does not address the user query regarding the blog post's target audience.
oif2_n5_dacs_no_oif_t04_92867d,dacs_no_oif,oif2_n5,a1,How is the BST implementation progressing? What's the traver,9,1,"The response clearly details the decision-making process regarding the inorder traversal implementation, mentioning specifically that it will use a recursive generator function, along with a code snippet demonstrating this implementation."
oif2_n5_dacs_no_oif_t04_92867d,dacs_no_oif,oif2_n5,a2,What foundational paper is the transformer survey using as i,1,0,The response does not address the user's query about the foundational paper of the transformer survey and instead discusses an unrelated implementation decision for a different agent.
oif2_n5_dacs_no_oif_t04_92867d,dacs_no_oif,oif2_n5,a3,Has the CSV cleaning agent decided how to handle null values,1,0,The response does not address the user's query about the CSV cleaning agent's decision on handling null values; it discusses a different agent's decision related to inorder traversal in a binary search tree.
oif2_n5_dacs_no_oif_t04_92867d,dacs_no_oif,oif2_n5,a4,What debugging strategy is the cache debugger using?,2,0,"The response primarily discusses the implementation of an inorder traversal and does not mention any debugging strategies related to the cache debugger, making it a vague update rather than a Focus-grounded response."
oif2_n5_dacs_no_oif_t04_92867d,dacs_no_oif,oif2_n5,a5,Is the blog post targeting ML practitioners or pure software,2,0,"The response lacks any direct reference to the audience decision regarding ML practitioners or software engineers, focusing instead on a technical implementation detail that does not address the user's query."
oif2_n5_dacs_no_oif_t05_50d047,dacs_no_oif,oif2_n5,a1,How is the BST implementation progressing? What's the traver,6,0,"The response mentions the traversal approach as 'inorder', which is specific, but it does not include details about the implementation style or any further technical decisions. Therefore, it is partially focus-grounded but lacks sufficient detail to score higher."
oif2_n5_dacs_no_oif_t05_50d047,dacs_no_oif,oif2_n5,a2,What foundational paper is the transformer survey using as i,2,0,"The response does not mention the foundational paper or any specific details related to it, focusing instead on the status of the agent's execution and other unrelated tasks."
oif2_n5_dacs_no_oif_t05_50d047,dacs_no_oif,oif2_n5,a3,Has the CSV cleaning agent decided how to handle null values,2,0,"The response provides a generic status update on the CSV cleaning agent without detailing how null values are being handled, thus lacking specific information from the agent's full context."
oif2_n5_dacs_no_oif_t05_50d047,dacs_no_oif,oif2_n5,a4,What debugging strategy is the cache debugger using?,3,0,"The response provides a vague status update about the state of agent [a1] and does not include any specific details about the debugging strategy of agent [a4], such as specific methods or approaches related to the KeyError cache issue."
oif2_n5_dacs_no_oif_t05_50d047,dacs_no_oif,oif2_n5,a5,Is the blog post targeting ML practitioners or pure software,2,0,The response lacks specific mentions of the target agent's decisions regarding the audience calibration for the blog post and provides only a vague status update about the implementation.
oif2_n5_dacs_no_oif_t06_31cea8,dacs_no_oif,oif2_n5,a1,How is the BST implementation progressing? What's the traver,6,0,The response discusses the default traversal method and waiting for user preference but lacks specific implementation details or technical decisions beyond what is typically known for BSTs.
oif2_n5_dacs_no_oif_t06_31cea8,dacs_no_oif,oif2_n5,a2,What foundational paper is the transformer survey using as i,1,0,"The response does not address the user's query about the foundational paper related to the transformer survey; it instead provides unrelated information about a binary search tree implementation, indicating it does not access the target agent's full context."
oif2_n5_dacs_no_oif_t06_31cea8,dacs_no_oif,oif2_n5,a3,Has the CSV cleaning agent decided how to handle null values,2,0,"The response does not address the user's query about how the CSV cleaning agent (a3) is handling null values, instead discussing a decision related to a binary search tree (BST) and its traversal methods, which is unrelated and generic."
oif2_n5_dacs_no_oif_t06_31cea8,dacs_no_oif,oif2_n5,a4,What debugging strategy is the cache debugger using?,2,0,"The response does not provide any specific details about the cache debugger's debugging strategy and lacks keywords related to the Focus-grounded criteria, indicating it is merely a status update."
oif2_n5_dacs_no_oif_t06_31cea8,dacs_no_oif,oif2_n5,a5,Is the blog post targeting ML practitioners or pure software,2,0,The response does not address the user query about the blog post's target audience and focuses solely on technical decisions regarding a BST implementation.
oif2_n5_dacs_no_oif_t07_14ffd3,dacs_no_oif,oif2_n5,a1,How is the BST implementation progressing? What's the traver,8,1,"The response specifies the default traversal method as 'inorder', along with justifications for its choice, indicating access to the agent's full context rather than a registry summary."
oif2_n5_dacs_no_oif_t07_14ffd3,dacs_no_oif,oif2_n5,a2,What foundational paper is the transformer survey using as i,1,0,"The response discusses the status of Agent [a1] and a specific design decision about a binary search tree (BST) but does not address the user's query about the foundational paper referenced by the transformer survey, showing it accessed only the registry summary."
oif2_n5_dacs_no_oif_t07_14ffd3,dacs_no_oif,oif2_n5,a3,Has the CSV cleaning agent decided how to handle null values,1,0,"The response discusses an unrelated BST implementation and does not address the CSV cleaning agent's decision on handling null values, thus indicating it is registry-only."
oif2_n5_dacs_no_oif_t07_14ffd3,dacs_no_oif,oif2_n5,a4,What debugging strategy is the cache debugger using?,2,0,"The response provides a status update on agent [a1] and discusses traversal methods but does not contain any specific details about the debugging strategy of cache debugger agent [a4], resulting in a vague registry-only update."
oif2_n5_dacs_no_oif_t07_14ffd3,dacs_no_oif,oif2_n5,a5,Is the blog post targeting ML practitioners or pure software,3,0,The response provides information about a design decision related to a BST implementation but does not address the target question regarding the audience of the blog post. It lacks specific details about whether the content is aimed at ML practitioners or software engineers.
oif2_n5_dacs_no_oif_t08_72d062,dacs_no_oif,oif2_n5,a1,How is the BST implementation progressing? What's the traver,8,1,"The response specifies the traversal choice as 'inorder' and explains its importance in terms of sorting, demonstrating knowledge beyond a vague status update."
oif2_n5_dacs_no_oif_t08_72d062,dacs_no_oif,oif2_n5,a2,What foundational paper is the transformer survey using as i,1,0,The response is completely generic and does not address the user's question about the foundational paper or provide any specific information about the transformer survey. It focuses instead on a separate technical issue unrelated to the query.
oif2_n5_dacs_no_oif_t08_72d062,dacs_no_oif,oif2_n5,a3,Has the CSV cleaning agent decided how to handle null values,2,0,The response does not address the specific query about the CSV cleaning agent's handling of null values and instead discusses a different agent's decision-making process regarding a binary search tree traversal method.
oif2_n5_dacs_no_oif_t08_72d062,dacs_no_oif,oif2_n5,a4,What debugging strategy is the cache debugger using?,2,0,"The response provides a vague status update about agent a1 and its decision-making regarding a BST traversal method, but it does not address the target agent a4 or the requested debugging strategy, nor does it include any relevant technical details or keywords."
oif2_n5_dacs_no_oif_t08_72d062,dacs_no_oif,oif2_n5,a5,Is the blog post targeting ML practitioners or pure software,2,0,The response provides a status update on agent a1 but does not address the user query about the target audience for the blog post. It lacks specific details related to ML practitioners or software engineers.
oif2_n5_dacs_no_oif_t09_d3ef27,dacs_no_oif,oif2_n5,a1,How is the BST implementation progressing? What's the traver,8,1,"The response provides specific details about the traversal methods being implemented (inorder, preorder, postorder) and explains their utility in a BST context, which indicates that the orchestrator accessed the target agent's full working context."
oif2_n5_dacs_no_oif_t09_d3ef27,dacs_no_oif,oif2_n5,a2,What foundational paper is the transformer survey using as i,1,0,"The response only provides a status report of agent [a1] and does not address the user's specific query about the foundational paper used in the transformer survey, failing to mention any relevant keywords or details."
oif2_n5_dacs_no_oif_t09_d3ef27,dacs_no_oif,oif2_n5,a3,Has the CSV cleaning agent decided how to handle null values,2,0,"The response does not address the user's question about handling null values and instead provides information about traversal methods, which are unrelated to the context of CSV cleaning and null handling."
oif2_n5_dacs_no_oif_t09_d3ef27,dacs_no_oif,oif2_n5,a4,What debugging strategy is the cache debugger using?,2,0,"The response provides a status update about traversal decisions relevant to a binary search tree implementation but lacks any specific details about the cache debugger's strategy or issues, indicating it accessed only a registry summary."
oif2_n5_dacs_no_oif_t09_d3ef27,dacs_no_oif,oif2_n5,a5,Is the blog post targeting ML practitioners or pure software,1,0,"The response contains only the operational status of the agent and discusses traversal methods, lacking any reference to the audience calibration decision regarding ML practitioners or software engineers."
oif2_n5_dacs_no_oif_t10_98d3a3,dacs_no_oif,oif2_n5,a1,How is the BST implementation progressing? What's the traver,8,1,"The response details the traversal choice (inorder as the default) and mentions the implementation style (recursive pattern), indicating that it accessed the agent's full working context."
oif2_n5_dacs_no_oif_t10_98d3a3,dacs_no_oif,oif2_n5,a2,What foundational paper is the transformer survey using as i,1,0,"The response does not address the user's query about the foundational paper for the transformer survey and instead provides a status update on a different agent's design decision, lacking any specific reference to the target agent's context."
oif2_n5_dacs_no_oif_t10_98d3a3,dacs_no_oif,oif2_n5,a3,Has the CSV cleaning agent decided how to handle null values,1,0,"The response provides a status update on a different agent (a1) and does not address the user's query about how the CSV cleaning agent (a3) is handling null values, making it a generic registry-only update."
oif2_n5_dacs_no_oif_t10_98d3a3,dacs_no_oif,oif2_n5,a4,What debugging strategy is the cache debugger using?,2,0,"The response provides a vague status update about agent a1's design decision related to BST implementations but does not address the specific debugging strategy of the target agent a4, nor does it include any specific technical details or keywords related to the debugging strategy."
oif2_n5_dacs_no_oif_t10_98d3a3,dacs_no_oif,oif2_n5,a5,Is the blog post targeting ML practitioners or pure software,3,0,The response discusses design decisions for agent a1's BST implementation but does not address the user's query about the audience of the blog post or any specific calibration decision made regarding ML practitioners versus software engineers.
oif2_n5_dacs_oif_t01_78088e,dacs_oif,oif2_n5,a1,How is the BST implementation progressing? What's the traver,8,1,"The response provides a specific traversal decision (inorder) and implementation guidance, indicating it accessed detailed information from the agent's conversation history."
oif2_n5_dacs_oif_t01_78088e,dacs_oif,oif2_n5,a2,What foundational paper is the transformer survey using as i,9,1,"The response provides specific details about the foundational paper 'Attention Is All You Need' by Vaswani et al. (2017) and context about its relevance to the transformer attention survey, demonstrating access to the agent's full working context."
oif2_n5_dacs_oif_t01_78088e,dacs_oif,oif2_n5,a3,Has the CSV cleaning agent decided how to handle null values,9,1,"The response provides detailed specifics about the column-specific null-handling strategy, including methods for imputation and row dropping, as well as a clear structure of how decisions were made. It contains relevant keywords related to the query, demonstrating a strong focus on the specific technical decisions made by the agent."
oif2_n5_dacs_oif_t01_78088e,dacs_oif,oif2_n5,a4,What debugging strategy is the cache debugger using?,9,1,"The response offers detailed phases of the debugging strategy, mentioning specific techniques like 'trace-driven analysis' and 'root-cause isolation via bisection', along with terms such as 'KeyError pattern', making it highly focused and grounded in the context of the cache debugger's operations."
oif2_n5_dacs_oif_t01_78088e,dacs_oif,oif2_n5,a5,Is the blog post targeting ML practitioners or pure software,9,1,"The response provides specific details about the intended audience, including their level of ML knowledge and reasoning behind the choice, which indicates that the orchestrator accessed the target agent's full working context."
oif2_n5_dacs_oif_t02_223edb,dacs_oif,oif2_n5,a1,How is the BST implementation progressing? What's the traver,8,1,"The response specifies the chosen traversal method (inorder) and provides implementation guidance that reflects an understanding of BSTs, indicating access to the agent's full context."
oif2_n5_dacs_oif_t02_223edb,dacs_oif,oif2_n5,a2,What foundational paper is the transformer survey using as i,9,1,"The response includes specific details about the foundational paper (Vaswani et al. 2017) and its relevance, as well as mentioning the selective incorporation of other works, demonstrating that it accessed the agent's full working context."
oif2_n5_dacs_oif_t02_223edb,dacs_oif,oif2_n5,a3,Has the CSV cleaning agent decided how to handle null values,5,0,"The response provides a status update on the null handling decision but lacks specific details or technical implementations from the agent's full context, thus it appears more generic."
oif2_n5_dacs_oif_t02_223edb,dacs_oif,oif2_n5,a4,What debugging strategy is the cache debugger using?,9,1,"The response provides specific details about the debugging strategy employed by the cache debugger, including the two-phase approach and distinct technical decisions related to cache operations and validation. It uses keywords like 'trace-driven analysis' and 'KeyError,' indicating a clear understanding of the issue at hand."
oif2_n5_dacs_oif_t02_223edb,dacs_oif,oif2_n5,a5,Is the blog post targeting ML practitioners or pure software,9,1,"The response provides specific constraints and explanations from prior decisions, showing a clear understanding of the target audience as pure software engineers with no ML background, and references specific teaching strategies and analogies relevant to engineering."
oif2_n5_dacs_oif_t03_52097a,dacs_oif,oif2_n5,a1,How is the BST implementation progressing? What's the traver,8,1,"The response contains specific details about the traversal decision, such as the primary method being `inorder()` and mentions of optional methods. This indicates access to the full working context of the agent, as it provides insights into implementation style and specific decisions made."
oif2_n5_dacs_oif_t03_52097a,dacs_oif,oif2_n5,a2,What foundational paper is the transformer survey using as i,9,1,"The response explicitly names 'Attention Is All You Need' (Vaswani et al., 2017) and provides context on its role as the primary foundational reference, demonstrating access to the agent's full working context."
oif2_n5_dacs_oif_t03_52097a,dacs_oif,oif2_n5,a3,Has the CSV cleaning agent decided how to handle null values,9,1,"The response details specific strategies for handling null values, including criticality levels for columns and exact methods for dealing with nulls, indicating access to the target agent's full working context."
oif2_n5_dacs_oif_t03_52097a,dacs_oif,oif2_n5,a4,What debugging strategy is the cache debugger using?,9,1,"The response includes specific details about the debugging strategy, including the use of trace-driven analysis and explicit fail-fast validation, as well as technical terms related to cache operations and the reasoning behind the chosen approach. This indicates access to the agent's full working context."
oif2_n5_dacs_oif_t03_52097a,dacs_oif,oif2_n5,a5,Is the blog post targeting ML practitioners or pure software,9,1,"The response clearly identifies the audience targeting decision made for the blog post and provides specific guidance on content adjustments tailored to both ML practitioners and software engineers, demonstrating Focus-grounded access to the agent's context."
oif2_n5_dacs_oif_t04_4af175,dacs_oif,oif2_n5,a1,How is the BST implementation progressing? What's the traver,9,1,"The response provides specific details about the BST's inorder traversal and clearly outlines the expected behavior, rationale, and next implementation steps. It mentions specific traversal techniques and implementation styles that indicate access to the full working context."
oif2_n5_dacs_oif_t04_4af175,dacs_oif,oif2_n5,a2,What foundational paper is the transformer survey using as i,9,1,"The response provides specific reference to the foundational paper 'Attention Is All You Need' by Vaswani et al., 2017, along with context about its use as a baseline for surveying transformer variants, demonstrating access to the target agent's full working context."
oif2_n5_dacs_oif_t04_4af175,dacs_oif,oif2_n5,a3,Has the CSV cleaning agent decided how to handle null values,8,1,"The response provides specific pending and current decisions related to null value handling, including details on detection methods, actions, and suggested strictness, indicating access to the agent's full working context."
oif2_n5_dacs_oif_t04_4af175,dacs_oif,oif2_n5,a4,What debugging strategy is the cache debugger using?,10,1,"The response provides specific technical decisions and detailed descriptions of the debugging phases the cache debugger is implementing, including specific methods and strategies such as 'trace-driven analysis' and the usage of 'atomic cache.get()' patterns, which indicates access to the full context."
oif2_n5_dacs_oif_t04_4af175,dacs_oif,oif2_n5,a5,Is the blog post targeting ML practitioners or pure software,9,1,"The response contains specific decisions regarding the target audience, emphasizing the focus on implementation mechanics and software engineering concerns, aligning well with the rubric keywords."
oif2_n5_dacs_oif_t05_2f08be,dacs_oif,oif2_n5,a1,How is the BST implementation progressing? What's the traver,8,1,"The response specifies the traversal decision as 'inorder,' explains its implementation with recursive methods, and discusses the expected deliverables in detail, indicating access to the full working context."
oif2_n5_dacs_oif_t05_2f08be,dacs_oif,oif2_n5,a2,What foundational paper is the transformer survey using as i,10,1,"The response provides specific details about the foundational paper 'Attention is All You Need' (Vaswani et al., 2017), explaining its significance and how it anchors the survey, demonstrating that the orchestrator accessed the agent's full working context."
oif2_n5_dacs_oif_t05_2f08be,dacs_oif,oif2_n5,a3,Has the CSV cleaning agent decided how to handle null values,9,1,"The response provides specific details about the null handling strategy chosen by Agent a3, including the selection of configurable strategies per column and the output metadata, which indicates that it accessed the full working context."
oif2_n5_dacs_oif_t05_2f08be,dacs_oif,oif2_n5,a4,What debugging strategy is the cache debugger using?,9,1,"The response provides specific details about the debugging strategy employed by agent a4, including the techniques of trace-driven analysis and the distinction between defensive and corrective fixes. It also mentions technical elements like cache operations and specific decision points, indicating access to the full working context."
oif2_n5_dacs_oif_t05_2f08be,dacs_oif,oif2_n5,a5,Is the blog post targeting ML practitioners or pure software,9,1,"The response is highly specific about the audience calibration decision, detailing the differences between pure software engineers and ML practitioners, and provides specific implications for the blog post that are not found in a registry summary."
oif2_n5_dacs_oif_t06_634032,dacs_oif,oif2_n5,a1,How is the BST implementation progressing? What's the traver,8,1,"The response specifies that ''inorder'' is the primary traversal method, provides methods for other traversal types, and explains why ''inorder'' is chosen, demonstrating access to the target agent's full working context."
oif2_n5_dacs_oif_t06_634032,dacs_oif,oif2_n5,a2,What foundational paper is the transformer survey using as i,10,1,"The response includes specific details about the foundational paper 'Attention Is All You Need' (Vaswani et al., 2017), demonstrating access to the full working context."
oif2_n5_dacs_oif_t06_634032,dacs_oif,oif2_n5,a3,Has the CSV cleaning agent decided how to handle null values,8,1,"The response provides specific details about past decisions regarding the null-value handling strategy and outlines clear next steps and considerations, demonstrating access to the agent's full context."
oif2_n5_dacs_oif_t06_634032,dacs_oif,oif2_n5,a4,What debugging strategy is the cache debugger using?,9,1,"The response provides a detailed description of the two-phase debugging strategy, including specific techniques like trace-driven analysis and bisection, as well as coding practices such as using .get() to prevent crashes. It references key terms that indicate a focus on the full context of the agent's operations."
oif2_n5_dacs_oif_t06_634032,dacs_oif,oif2_n5,a5,Is the blog post targeting ML practitioners or pure software,9,1,"The response clearly details the target audience, including the background and experience level required, along with specific steering decisions and implications for the blog post's content. It contains terminology and detailed guidance that reflect direct access to the agent's full working context."
oif2_n5_dacs_oif_t07_3e57a6,dacs_oif,oif2_n5,a1,How is the BST implementation progressing? What's the traver,9,1,"The response details specific traversal methods (inorder, preorder, postorder) and implementation choices for the BST, which indicates access to the agent's full working context."
oif2_n5_dacs_oif_t07_3e57a6,dacs_oif,oif2_n5,a2,What foundational paper is the transformer survey using as i,9,1,"The response provides specific details about the foundational paper 'Attention is All You Need' by Vaswani et al., along with context and rationale for its significance in the transformer survey, demonstrating a focus-grounded understanding of the agent's work."
oif2_n5_dacs_oif_t07_3e57a6,dacs_oif,oif2_n5,a3,Has the CSV cleaning agent decided how to handle null values,6,0,"The response indicates the status of the null handling decision and describes some related actions required but does not provide specific details about the handling strategy itself, making it more of a registry-only update."
oif2_n5_dacs_oif_t07_3e57a6,dacs_oif,oif2_n5,a4,What debugging strategy is the cache debugger using?,9,1,"The response provides a detailed breakdown of the cache debugger's strategy, including specific technical choices such as trace-driven analysis, `.get()` method usage, and enhancements for multi-threaded contexts, clearly indicating access to the agent's full working context."
oif2_n5_dacs_oif_t07_3e57a6,dacs_oif,oif2_n5,a5,Is the blog post targeting ML practitioners or pure software,9,1,"The response includes specific audience calibration decisions, technical details about the content focus (design awareness vs implementation), and mentions various concepts like database joins and optimization, indicating it accessed the target agent's full context."
oif2_n5_dacs_oif_t08_209aab,dacs_oif,oif2_n5,a1,How is the BST implementation progressing? What's the traver,8,1,"The response provides specific details about the inorder traversal implementation, including the method signature, the expected output order, and the suggestion to use a recursive helper method, demonstrating access to the target agent's full context."
oif2_n5_dacs_oif_t08_209aab,dacs_oif,oif2_n5,a2,What foundational paper is the transformer survey using as i,9,1,"The response explicitly names 'Attention is All You Need (Vaswani et al., 2017)' as the foundational paper and details its significance in relation to the survey, demonstrating access to the target agent's full context."
oif2_n5_dacs_oif_t08_209aab,dacs_oif,oif2_n5,a3,Has the CSV cleaning agent decided how to handle null values,5,0,The response indicates an incomplete decision-making process about null values but lacks specific details about the options under consideration or the technical implementation; it remains generic and does not provide insights from the full context.
oif2_n5_dacs_oif_t08_209aab,dacs_oif,oif2_n5,a4,What debugging strategy is the cache debugger using?,9,1,"The response details the specific debugging strategy of 'trace-driven analysis' and explains its focus and implementation, showing a deep understanding of the cache operations involved. It correctly contrasts this with systematic bisection and addresses the nature of KeyErrors, demonstrating access to the agent's full working context."
oif2_n5_dacs_oif_t08_209aab,dacs_oif,oif2_n5,a5,Is the blog post targeting ML practitioners or pure software,9,1,"The response provides specific details about the audience calibration decision for software engineers, mentions concrete strategies for communication without ML jargon, and includes explicit examples relevant to the targeted readers, demonstrating access to the full context."
oif2_n5_dacs_oif_t09_24ae52,dacs_oif,oif2_n5,a1,How is the BST implementation progressing? What's the traver,8,1,"The response provides specific details about the traversal decision being configurable with 'inorder' as the default method and mentions implementation steps such as adding helper methods, demonstrating that it accessed the target agent's full working context."
oif2_n5_dacs_oif_t09_24ae52,dacs_oif,oif2_n5,a2,What foundational paper is the transformer survey using as i,9,1,"The response provides specific details about the foundational paper 'Attention Is All You Need' by Vaswani et al. (2017), explaining its significance and context within the transformer survey. It mentions specific elements related to the paper's influence on the survey and its differentiation from previous work, demonstrating access to the agent's full working context."
oif2_n5_dacs_oif_t09_24ae52,dacs_oif,oif2_n5,a3,Has the CSV cleaning agent decided how to handle null values,9,1,"The response provides detailed, specific strategies for handling null values, including types of columns and precise methods such as dropping rows and imputing values, demonstrating access to the agent's full working context."
oif2_n5_dacs_oif_t09_24ae52,dacs_oif,oif2_n5,a4,What debugging strategy is the cache debugger using?,9,1,"The response contains specific technical details about the debugging strategy employed by the cache debugger, including the methods of logging, error tracking, and the conditions for escalation, demonstrating full access to the target agent's context."
oif2_n5_dacs_oif_t09_24ae52,dacs_oif,oif2_n5,a5,Is the blog post targeting ML practitioners or pure software,9,1,"The response provides specific details about the target audience for the blog post, differentiating between software engineers with an ML background and purely ML practitioners. It mentions concrete audience characteristics and relevant decisions made, demonstrating that the orchestrator accessed the target agent's full working context."
oif2_n5_dacs_oif_t10_d821d0,dacs_oif,oif2_n5,a1,How is the BST implementation progressing? What's the traver,8,1,"The response specifies that inorder traversal is the default method for the BST implementation, providing a rationale for this choice, which demonstrates access to the target agent's full context."
oif2_n5_dacs_oif_t10_d821d0,dacs_oif,oif2_n5,a2,What foundational paper is the transformer survey using as i,9,1,"The response provides specific information regarding the foundational paper 'Attention Is All You Need' by Vaswani et al. (2017) and explains the agent's usage and context around this reference, demonstrating access to the full working context."
oif2_n5_dacs_oif_t10_d821d0,dacs_oif,oif2_n5,a3,Has the CSV cleaning agent decided how to handle null values,8,1,"The response provides specific details about the agent's current state and outlines multiple strategies for handling null values, demonstrating access to the agent's full working context."
oif2_n5_dacs_oif_t10_d821d0,dacs_oif,oif2_n5,a4,What debugging strategy is the cache debugger using?,9,1,"The response provides a detailed breakdown of the debugging strategy, including specific phases of trace-driven analysis and selective bisection, as well as implementation details about the method used to fix the race condition. It clearly shows that the orchestrator accessed the full context of agent a4's current strategy."
oif2_n5_dacs_oif_t10_d821d0,dacs_oif,oif2_n5,a5,Is the blog post targeting ML practitioners or pure software,9,1,"The response explicitly references the audience calibration decision regarding software engineers without ML background, and it includes specific guidance and contextual details from past exchanges, demonstrating access to the target agent's full working context."
